Date,Open,High,Low,Close,Adj Close,Volume,Days
2020-12-16,22.75,23.799999,19.48,20.049999,20.049999,61185600,1
2020-12-17,21.5,23.9,21.1,22.27,22.27,28890900,2
2020-12-18,23.09,24.75,23.055,23.549999,23.549999,16525600,3
2020-12-21,23.875,24.15,22.809999,23.15,23.15,8260600,4
2020-12-22,23.77,23.799999,21.700001,22.190001,22.190001,6211300,5
2020-12-23,22.219999,22.5,20.92,20.940001,20.940001,6181100,6
2020-12-24,21.061001,21.15,19.92,20.09,20.09,4099700,7
2020-12-28,20.42,21.724001,19.57,19.610001,19.610001,6403300,8
2020-12-29,19.889999,19.9,18.16,18.639999,18.639999,7978400,9
2020-12-30,18.639999,19.025,17.5,17.58,17.58,8941300,10
2020-12-31,17.639999,18.379999,17.41,18.24,18.24,7855800,11
2021-01-04,18.530001,19.299999,17.82,19.24,19.24,5888700,12
2021-01-05,18.84,20.190001,18.75,19.799999,19.799999,4642700,13
2021-01-06,20,20.98,19.799999,20.82,20.82,6197300,14
2021-01-07,21.049999,21.58,20.15,20.93,20.93,4102100,15
2021-01-08,20.73,21.139999,19.700001,20.360001,20.360001,5687900,16
2021-01-11,19.802999,20.200001,19.139999,19.610001,19.610001,4180400,17
2021-01-12,19.799999,21,19.799999,20.940001,20.940001,5734200,18
2021-01-13,20.940001,24.605,20.9,23.92,23.92,10829500,19
2021-01-14,24.360001,28.25,23.780001,28.129999,28.129999,14426700,20
2021-01-15,26.690001,27.1,24.4,24.834999,24.834999,9589100,21
2021-01-19,25.68,26.99,25,26.09,26.09,4525200,22
2021-01-20,26.139999,26.5,25.6,25.85,25.85,3312600,23
2021-01-21,25.73,26.018,24.450001,24.84,24.84,3079500,24
2021-01-22,24.27,25.17,23.9,24.75,24.75,2740400,25
2021-01-25,25.469999,29.370001,25.25,25.65,25.65,9439300,26
2021-01-26,26.950001,27.969999,26.6,27.1,27.1,3938900,27
2021-01-27,26.49,31.49,26.4,29.99,29.99,8895300,28
2021-01-28,30.120001,32.849998,28.200001,28.450001,28.450001,6080000,29
2021-01-29,28.9,30.4,28.75,30.07,30.07,3846200,30
2021-02-01,31.85,32.200001,30.18,31.190001,31.190001,2925300,31
2021-02-02,32,32.18,28.280001,29.15,29.15,4313200,32
2021-02-03,29.23,30.23,28.870001,28.99,28.99,1886300,33
2021-02-04,29.15,29.67,28.52,29.299999,29.299999,1410500,34
2021-02-05,29.77,30,28.4,28.6,28.6,2513600,35
2021-02-08,29.049999,29.17,27.299999,28.209999,28.209999,3362700,36
2021-02-09,27.66,30.25,27.610001,29.530001,29.530001,2284500,37
2021-02-10,29.700001,30.879999,28.309999,28.68,28.68,2327500,38
2021-02-11,28.6,29.75,27.940001,28.08,28.08,1939400,39
2021-02-12,28.01,28.627001,27.35,27.450001,27.450001,1586600,40
2021-02-16,28.07,28.77,26.370001,26.559999,26.559999,3188700,41
2021-02-17,26.65,26.65,24.139999,24.15,24.15,7530500,42
2021-02-18,23.67,24,22.15,22.24,22.24,8012300,43
2021-02-19,22.940001,22.940001,21.25,22.26,22.26,16977600,44
2021-02-22,21.695,22.73,21.459999,22.01,22.01,4384300,45
2021-02-23,21.01,21.35,19.77,21.17,21.17,4411000,46
2021-02-24,21.360001,21.389999,20.280001,20.42,20.42,5331100,47
2021-02-25,20.02,20.9,18.68,18.969999,18.969999,7810300,48
2021-02-26,19,19.795,18.08,19.610001,19.610001,12422100,49
2021-03-01,20.139999,20.5,19.42,19.58,19.58,4431100,50
2021-03-02,19.67,19.82,18.5,18.82,18.82,4152300,51
2021-03-03,18.76,18.934999,17.615,17.99,17.99,3576400,52
2021-03-04,17.669001,18.24,16.34,17.139999,17.139999,5528400,53
2021-03-05,17.290001,17.9,15.06,17.77,17.77,6696900,54
2021-03-08,17.57,18.18,15.5,15.94,15.94,10165200,55
2021-03-09,17.389999,17.459999,15.71,16.99,16.99,10241200,56
2021-03-10,16.870001,17.1,15.7,16.629999,16.629999,10531300,57
2021-03-11,16.999001,19.35,16.950001,19.110001,19.110001,11563700,58
2021-03-12,18.190001,18.9,17.52,18.639999,18.639999,5189200,59
2021-03-15,18.85,20.110001,18.790001,19.110001,19.110001,7899800,60
2021-03-16,19.32,20.09,17.809999,18.34,18.34,5330000,61
2021-03-17,17.93,19.120001,17.66,18.84,18.84,3425900,62
2021-03-18,18.17,18.4,17.120001,17.26,17.26,5797900,63
2021-03-19,17.42,18.040001,16.830999,17.860001,17.860001,7467500,64
2021-03-22,17.9,18.219999,17.459999,17.98,17.98,3805000,65
2021-03-23,17.82,17.870001,16.455,16.559999,16.559999,4110800,66
2021-03-24,16.65,17.030001,16.030001,16.299999,16.299999,5358300,67
2021-03-25,15.654,16.280001,15.55,15.76,15.76,4888200,68
2021-03-26,15.86,16.459999,15.57,16.209999,16.209999,4904900,69
2021-03-29,16.02,16.139999,15.24,15.26,15.26,3996900,70
2021-03-30,15.19,15.25,14.42,15.1,15.1,4666200,71
2021-03-31,15.44,16.23,15.275,15.8,15.8,4800300,72
2021-04-01,16.110001,16.620001,15.64,15.65,15.65,4564800,73
2021-04-05,15.904,15.988,15.15,15.32,15.32,2803300,74
2021-04-06,15.52,15.94,15.385,15.52,15.52,2795100,75
2021-04-07,15.51,15.53,14.26,14.33,14.33,6824300,76
2021-04-08,14.5,14.92,13.96,14.08,14.08,8075400,77
2021-04-09,14,14.05,13.3,13.65,13.65,8707900,78
2021-04-12,13.6,13.88,13.34,13.6,13.6,5564000,79
2021-04-13,13.59,14.38,13.59,14.27,14.27,4814500,80
2021-04-14,14.34,14.38,13.51,13.53,13.53,4805900,81
2021-04-15,13.75,13.82,12.68,12.72,12.72,7282200,82
2021-04-16,12.61,12.71,12.32,12.44,12.44,4689100,83
2021-04-19,12.41,12.55,11.82,12.31,12.31,4078400,84
2021-04-20,12.34,12.36,11.71,12.07,12.07,4335400,85
2021-04-21,12.03,12.54,11.8,12.49,12.49,3624400,86
2021-04-22,12.89,13.94,12.395,13.1,13.1,9149300,87
2021-04-23,13.33,13.67,13.09,13.54,13.54,3338700,88
2021-04-26,13.61,14.44,13.56,14.16,14.16,5523900,89
2021-04-27,14.94,15.22,14.42,15.12,15.12,9221100,90
2021-04-28,14.9,15.3,14.311,15.19,15.19,6617000,91
2021-04-29,15.44,15.45,14.13,14.16,14.16,4171500,92
2021-04-30,13.94,14.38,13.74,13.87,13.87,2956300,93
2021-05-03,13.915,13.94,12.92,13.08,13.08,4663600,94
2021-05-04,12.76,13.47,12.12,13.43,13.43,5371800,95
2021-05-05,13.658,13.73,12.4,12.58,12.58,5014500,96
2021-05-06,12.31,13.24,11.96,12.65,12.65,7213600,97
2021-05-07,12.9,13.3,12.285,12.61,12.61,4251500,98
2021-05-10,12.65,12.67,11.85,11.88,11.88,4520900,99
2021-05-11,11.18,12.13,11.075,11.78,11.78,6461300,100
2021-05-12,11.834,12.27,11.26,11.47,11.47,12551900,101
2021-05-13,10.01,10.15,7.95,8.11,8.11,42715700,102
2021-05-14,8.72,9.95,8.499,9.79,9.79,27260900,103
2021-05-17,9.57,9.6,8.52,8.78,8.78,15186000,104
2021-05-18,8.43,9.39,8.35,8.99,8.99,11103200,105
2021-05-19,8.57,9.16,8.451,9.12,9.12,7215700,106
2021-05-20,9.15,9.59,9.1,9.29,9.29,5682800,107
2021-05-21,9.24,9.429,9.122,9.32,9.32,3673400,108
2021-05-24,9.1,9.1,8.02,8.18,8.18,27097800,109
2021-05-25,8.205,8.28,7.7,7.84,7.84,20910700,110
2021-05-26,7.87,8.31,7.645,8.15,8.15,15802100,111
2021-05-27,8.13,8.81,8,8.35,8.35,22293700,112
2021-05-28,8.546,8.546,7.8,7.94,7.94,20974800,113
2021-06-01,8.01,8.01,7.66,7.74,7.74,17546100,114
2021-06-02,7.78,8.58,7.67,8.5,8.5,25126800,115
2021-06-03,8.39,8.75,8.252,8.28,8.28,19798000,116
2021-06-04,8.33,8.42,8.06,8.29,8.29,11911500,117
2021-06-07,7.68,7.95,7.52,7.76,7.76,41338900,118
2021-06-08,7.9,12.2,7.83,11.63,11.63,230258300,119
2021-06-09,14.67,15,10.25,10.6,10.6,310735800,120
2021-06-10,11.07,11.61,10.2,10.69,10.69,96133400,121
2021-06-11,10.81,10.9,9.71,10,10,86156400,122
2021-06-14,10.375,11.92,9.94,11.27,11.27,180704500,123
2021-06-15,11.75,12.54,10.79,11.27,11.27,140925300,124
2021-06-16,11.04,11.34,10.36,11.09,11.09,99752500,125
2021-06-17,11.17,11.5,10.753,11.23,11.23,78317300,126
2021-06-18,11,12.1,10.85,11.4,11.4,140929900,127
2021-06-21,12.015,13.96,11.51,13.5,13.5,335602500,128
2021-06-22,13.48,14.43,12.92,13.5,13.5,233741900,129
2021-06-23,13.8,14.28,13.12,13.61,13.61,143136400,130
2021-06-24,13.56,14.41,12.61,14.39,14.39,174202300,131
2021-06-25,14.17,14.69,13.7,14.04,14.04,141520200,132
2021-06-28,14.03,15.18,13.8,14.4,14.4,177057500,133
2021-06-29,14.24,14.29,13.27,13.4,13.4,102428600,134
2021-06-30,13.24,13.69,12.81,13.17,13.17,68366700,135
2021-07-01,13,13.09,11.95,12.24,12.24,101316800,136
2021-07-02,11.98,12.39,11.44,11.65,11.65,76352300,137
2021-07-06,12.32,12.6,11.75,11.89,11.89,74437300,138
2021-07-07,11.84,11.91,10.75,10.95,10.95,85076000,139
2021-07-08,10.44,11.225,10.25,11,11,59124300,140
2021-07-09,11.04,11.22,10.77,11.14,11.14,36119900,141
2021-07-12,11.17,11.37,10.78,10.91,10.91,38740600,142
2021-07-13,10.695,11.155,10.35,10.4,10.4,37881700,143
2021-07-14,10.35,10.57,9.74,9.78,9.78,49509100,144
2021-07-15,9.64,10.37,9.46,10.09,10.09,42530600,145
2021-07-16,10.179,10.18,9.16,9.27,9.27,56226600,146
2021-07-19,8.98,9.66,8.835,9.44,9.44,39567700,147
2021-07-20,9.52,10.21,9.28,10.14,10.14,44581600,148
2021-07-21,9.78,10.335,9.67,10,10,43059400,149
2021-07-22,9.92,10.07,9.45,9.5,9.5,30294600,150
2021-07-23,9.37,9.62,9.17,9.18,9.18,28292600,151
2021-07-26,9.1,9.45,9.07,9.16,9.16,21763800,152
2021-07-27,9.09,9.56,8.81,9.32,9.32,29760400,153
2021-07-28,9.43,10.13,9.38,9.94,9.94,31968900,154
2021-07-29,9.95,10.68,9.62,9.98,9.98,46402800,155
2021-07-30,9.79,10.27,9.73,9.94,9.94,24573200,156
2021-08-02,9.97,10.6,9.94,10.41,10.41,31823900,157
2021-08-03,10.36,10.503,10.15,10.31,10.31,20492200,158
2021-08-04,10.3,10.31,9.59,9.61,9.61,35118200,159
2021-08-05,9.67,10.02,9.47,9.98,9.98,18122100,160
2021-08-06,9.94,10.15,9.755,9.83,9.83,14915500,161
2021-08-09,9.9,10.605,9.89,10.47,10.47,27930400,162
2021-08-10,10.5,10.69,10.07,10.3,10.3,19937300,163
2021-08-11,10.37,10.415,9.67,9.83,9.83,31979000,164
2021-08-12,9.97,10.008,9.34,9.41,9.41,74603100,165
2021-08-13,6.96,7.86,6.69,7.55,7.55,220813300,166
2021-08-16,7.29,7.31,6.72,6.87,6.87,77302800,167
2021-08-17,6.685,7.31,6.57,6.95,6.95,52501900,168
2021-08-18,6.96,7.07,6.75,6.82,6.82,35488200,169
2021-08-19,6.74,6.82,6.144,6.23,6.23,56256900,170
2021-08-20,6.28,6.92,6.233,6.63,6.63,45135400,171
2021-08-23,6.59,6.81,6.42,6.69,6.69,25371400,172
2021-08-24,6.74,7.425,6.63,7.12,7.12,68735200,173
2021-08-25,7.01,7.2,6.86,6.98,6.98,34615500,174
2021-08-26,6.94,7.04,6.66,6.66,6.66,25165800,175
2021-08-27,6.706,7.17,6.68,6.94,6.94,30969000,176
2021-08-30,7.1,7.474,6.86,7.18,7.18,41439200,177
2021-08-31,7.15,7.37,7.08,7.21,7.21,22420600,178
2021-09-01,7.17,7.75,7.12,7.38,7.38,38041900,179
2021-09-02,7.42,7.565,7.29,7.31,7.31,20425100,180
2021-09-03,7.3,7.48,7.135,7.24,7.24,15456300,181
2021-09-07,7.3,7.67,7.28,7.38,7.38,25649600,182
2021-09-08,7.35,7.35,6.82,6.84,6.84,35535300,183
2021-09-09,6.87,7.29,6.75,6.99,6.99,34687500,184
2021-09-10,7.03,7.26,6.78,6.8,6.8,28870600,185
2021-09-13,6.86,6.86,6.48,6.61,6.61,32429700,186
2021-09-14,6.6,6.68,6.27,6.33,6.33,41793700,187
2021-09-15,6.3,6.5,6.18,6.41,6.41,30935700,188
2021-09-16,6.33,6.473,6.273,6.31,6.31,25877800,189
2021-09-17,6.31,6.64,6.3,6.54,6.54,52196600,190
2021-09-20,6.29,6.44,5.91,6.07,6.07,42346300,191
2021-09-21,6.1,6.25,5.82,5.85,5.85,45364600,192
2021-09-22,5.927,6.03,5.84,5.91,5.91,28820300,193
2021-09-23,5.97,6.3,5.84,6.135,6.135,44969000,194
2021-09-24,6.115,6.278,5.93,6.02,6.02,32618300,195
2021-09-27,6.07,6.25,5.94,6.18,6.18,27814900,196
2021-09-28,6.1,6.16,5.72,5.8,5.8,47662700,197
2021-09-29,5.85,5.945,5.56,5.59,5.59,36114700,198
2021-09-30,5.6,5.634,5.43,5.46,5.46,37807800,199
2021-10-01,5.53,5.53,5.26,5.35,5.35,29616800,200
2021-10-04,5.13,5.2,4.81,4.85,4.85,68660900,201
2021-10-05,4.84,5.05,4.75,4.78,4.78,34065600,202
2021-10-06,4.69,5.02,4.61,4.9,4.9,39890200,203
2021-10-07,5,5.365,4.95,5.18,5.18,34014200,204
2021-10-08,5.22,5.29,4.98,5.01,5.01,17697600,205
2021-10-11,5.01,5.26,4.88,4.92,4.92,22773800,206
2021-10-12,4.94,5.14,4.92,5.08,5.08,16315900,207
2021-10-13,5.1,5.27,5.02,5.18,5.18,19643400,208
2021-10-14,5.24,5.3,5.1,5.16,5.16,18267000,209
2021-10-15,5.182,5.25,5.03,5.04,5.04,20806400,210
2021-10-18,5,5.09,4.92,5.02,5.02,17833500,211
2021-10-19,5.04,5.55,4.99,5.32,5.32,45478200,212
2021-10-20,5.39,6.31,5.32,6.09,6.09,126023800,213
2021-10-21,5.995,6.073,5.695,5.82,5.82,54690300,214
2021-10-22,5.6,5.67,5.17,5.2,5.2,41141200,215
2021-10-25,5.25,5.63,5.19,5.5,5.5,23177700,216
2021-10-26,5.465,5.56,5.21,5.24,5.24,25019300,217
2021-10-27,5.28,5.4,4.95,4.96,4.96,28768200,218
2021-10-28,5.01,5.29,4.95,5.25,5.25,23621400,219
2021-10-29,5.154,5.235,5.03,5.1,5.1,20742400,220
2021-11-01,5.12,5.5,5.1,5.45,5.45,23633100,221
2021-11-02,5.44,5.45,5.08,5.21,5.21,23724600,222
2021-11-03,5.22,5.36,5.11,5.21,5.21,23392000,223
2021-11-04,5.22,5.301,5.05,5.07,5.07,20795000,224
2021-11-05,5.1,5.1,4.88,4.93,4.93,29404900,225
2021-11-08,4.975,5.34,4.96,5.21,5.21,34869200,226
2021-11-09,5.28,5.595,5.27,5.49,5.49,40530500,227
2021-11-10,5.47,5.53,5.01,5.1,5.1,58784100,228
2021-11-11,5.07,5.97,5.06,5.47,5.47,88308800,229
2021-11-12,5.56,5.57,5.28,5.41,5.41,21494000,230
2021-11-15,5.36,5.49,5.14,5.18,5.18,20290900,231
2021-11-16,5.14,5.142,4.93,5.07,5.07,24169400,232
2021-11-17,5.02,5.03,4.75,4.77,4.77,34466400,233
2021-11-18,4.75,4.76,4.34,4.39,4.39,38840500,234
2021-11-19,4.41,4.49,4.25,4.25,4.25,20920900,235
2021-11-22,4.31,4.32,3.97,4.1,4.1,37460900,236
2021-11-23,4.075,4.19,3.9,3.97,3.97,28789900,237
2021-11-24,3.7,4.075,3.57,3.97,3.97,41562500,238
2021-11-26,3.8,3.98,3.8,3.92,3.92,14397500,239
2021-11-29,3.93,3.99,3.82,3.96,3.96,19943800,240
2021-11-30,3.86,3.95,3.55,3.73,3.73,41486400,241
2021-12-01,3.76,3.82,3.35,3.35,3.35,35483400,242
2021-12-02,3.33,3.5,3.24,3.36,3.36,24196200,243
2021-12-03,3.42,3.42,3.15,3.28,3.28,32838800,244
2021-12-06,3.23,3.7,3.11,3.61,3.61,37665000,245
2021-12-07,3.605,3.85,3.6,3.74,3.74,19121200,246
2021-12-08,3.753,3.95,3.63,3.78,3.78,20164400,247
2021-12-09,3.712,3.86,3.6,3.6,3.6,15899500,248
2021-12-10,3.655,3.7,3.49,3.58,3.58,13363700,249
2021-12-13,3.56,3.63,3.33,3.41,3.41,15333200,250
2021-12-14,3.282,3.34,3.19,3.19,3.19,20731000,251
2021-12-15,3.18,3.28,2.97,3.22,3.22,27559200,252
2021-12-16,3.275,3.32,3.055,3.11,3.11,16783600,253
2021-12-17,3.01,3.3,2.94,3.23,3.23,22705100,254
2021-12-20,3.11,3.22,3.06,3.09,3.09,15237500,255
2021-12-21,3.14,3.58,3.14,3.54,3.54,36153200,256
2021-12-22,3.46,3.62,3.42,3.48,3.48,21699600,257
2021-12-23,3.47,3.65,3.32,3.58,3.58,19297700,258
2021-12-27,3.505,3.535,3.33,3.36,3.36,16259400,259
2021-12-28,3.31,3.417,3.18,3.19,3.19,15023000,260
2021-12-29,3.187,3.21,2.98,3.01,3.01,22613700,261
2021-12-30,3.02,3.37,2.992,3.22,3.22,29822400,262
2021-12-31,3.21,3.329,3.09,3.11,3.11,21354200,263
2022-01-03,3.15,3.26,3.01,3.22,3.22,23016100,264
2022-01-04,3.17,3.235,2.95,3.04,3.04,32806500,265
2022-01-05,3.01,3.045,2.785,2.79,2.79,29788300,266
2022-01-06,2.77,2.815,2.57,2.72,2.72,27287900,267
2022-01-07,2.69,2.84,2.681,2.76,2.76,16431500,268
2022-01-10,2.67,2.69,2.51,2.59,2.59,26165000,269
2022-01-11,2.59,2.89,2.55,2.79,2.79,26749900,270
2022-01-12,2.8,2.868,2.71,2.72,2.72,15142300,271
2022-01-13,2.73,2.75,2.53,2.53,2.53,14902200,272
2022-01-14,2.5,2.59,2.44,2.53,2.53,18071100,273
2022-01-18,2.48,2.6,2.44,2.47,2.47,18813200,274
2022-01-19,2.48,2.59,2.43,2.45,2.45,16870900,275
2022-01-20,2.49,2.72,2.48,2.5,2.5,21562300,276
2022-01-21,2.49,2.635,2.41,2.47,2.47,27683000,277
2022-01-24,2.38,2.4,2.1,2.38,2.38,35735900,278
2022-01-25,2.29,2.39,2.22,2.3,2.3,16224500,279
2022-01-26,2.345,2.57,2.31,2.36,2.36,30351300,280
2022-01-27,2.42,2.45,2.22,2.23,2.23,18913900,281
2022-01-28,2.22,2.35,2.14,2.31,2.31,18071800,282
2022-01-31,2.34,2.68,2.34,2.65,2.65,28052500,283
2022-02-01,2.764,2.93,2.61,2.86,2.86,27487600,284
2022-02-02,2.9,2.9,2.56,2.58,2.58,23376900,285
2022-02-03,2.46,2.54,2.3,2.31,2.31,16840800,286
2022-02-04,2.36,2.39,2.25,2.35,2.35,22380600,287
2022-02-07,2.37,2.49,2.3,2.3,2.3,16471000,288
2022-02-08,2.28,2.375,2.26,2.34,2.34,20998100,289
2022-02-09,2.38,2.54,2.34,2.53,2.53,41964900,290
2022-02-10,2.43,2.65,2.4,2.44,2.44,23404200,291
2022-02-11,2.45,2.525,2.25,2.26,2.26,24051000,292
2022-02-14,2.26,2.35,2.2,2.24,2.24,20904700,293
2022-02-15,2.34,2.67,2.32,2.65,2.65,30348200,294
2022-02-16,2.55,2.607,2.48,2.51,2.51,15195300,295
2022-02-17,2.478,2.49,2.3,2.32,2.32,17768100,296
2022-02-18,2.34,2.36,2.16,2.17,2.17,37131400,297
2022-02-22,2.1,2.18,2,2.05,2.05,31350200,298
2022-02-23,2.12,2.12,1.98,2.01,2.01,26314500,299
2022-02-24,1.85,2.21,1.83,2.18,2.18,28251900,300
2022-02-25,2.15,2.28,2.063,2.27,2.27,27953500,301
2022-02-28,2.25,2.39,2.24,2.37,2.37,22483100,302
2022-03-01,2.37,2.39,2.23,2.27,2.27,21108700,303
2022-03-02,2.12,2.15,2.05,2.14,2.14,20755400,304
2022-03-03,2.142,2.17,1.95,1.97,1.97,20733000,305
2022-03-04,1.95,2.01,1.85,1.9,1.9,18256900,306
2022-03-07,1.88,2.03,1.87,1.99,1.99,20634700,307
2022-03-08,2,2.1,1.84,2.03,2.03,20893100,308
2022-03-09,2.07,2.13,2.02,2.1,2.1,11841900,309
2022-03-10,2.06,2.1,1.98,2.06,2.06,12468500,310
2022-03-11,2.04,2.08,1.85,1.88,1.88,16340800,311
2022-03-14,1.85,1.855,1.75,1.78,1.78,12807900,312
2022-03-15,1.77,1.775,1.6,1.7,1.7,30095800,313
2022-03-16,1.77,2,1.75,1.99,1.99,25625300,314
2022-03-17,1.91,2.14,1.835,2.12,2.12,19653400,315
2022-03-18,2.06,2.27,2.03,2.18,2.18,30273100,316
2022-03-21,2.18,2.2,2.06,2.13,2.13,14607400,317
2022-03-22,2.08,2.38,2.08,2.33,2.33,22630200,318
2022-03-23,2.3,2.48,2.25,2.39,2.39,24611100,319
2022-03-24,2.4,2.575,2.343,2.44,2.44,21943100,320
2022-03-25,2.41,2.422,2.28,2.32,2.32,12658300,321
2022-03-28,2.32,2.41,2.22,2.38,2.38,17607600,322
2022-03-29,2.44,2.58,2.435,2.54,2.54,17217500,323
2022-03-30,2.5,2.56,2.36,2.38,2.38,13175800,324
2022-03-31,2.4,2.4,2.23,2.25,2.25,13982000,325
2022-04-01,2.3,2.32,2.21,2.28,2.28,8849500,326
2022-04-04,2.33,2.53,2.27,2.5,2.5,12243800,327
2022-04-05,2.49,2.495,2.3,2.32,2.32,10352500,328
2022-04-06,2.27,2.27,2.14,2.21,2.21,14474900,329
2022-04-07,2.22,2.26,2.035,2.13,2.13,10450700,330
2022-04-08,2.13,2.19,2.055,2.1,2.1,9097700,331
2022-04-11,2.04,2.21,2.02,2.14,2.14,9555200,332
2022-04-12,2.21,2.28,2.07,2.09,2.09,13292900,333
2022-04-13,2.1,2.13,2.06,2.12,2.12,6971900,334
2022-04-14,2.11,2.12,2,2.02,2.02,14289600,335
2022-04-18,1.98,2,1.86,1.9,1.9,17823700,336
2022-04-19,1.9,2.1,1.88,2.08,2.08,18152200,337
2022-04-20,2.05,2.05,1.87,1.89,1.89,14514100,338
2022-04-21,1.93,1.97,1.81,1.81,1.81,14371600,339
2022-04-22,1.8,1.83,1.68,1.73,1.73,22530000,340
2022-04-25,1.7,1.82,1.69,1.81,1.81,18084100,341
2022-04-26,1.78,1.79,1.68,1.72,1.72,16361900,342
2022-04-27,1.72,1.8,1.7,1.7,1.7,16133000,343
2022-04-28,1.71,1.8,1.63,1.78,1.78,15703100,344
2022-04-29,1.78,1.85,1.69,1.7,1.7,14059800,345
2022-05-02,1.69,1.77,1.65,1.77,1.77,11393500,346
2022-05-03,1.75,1.81,1.7,1.76,1.76,12652400,347
2022-05-04,1.75,1.89,1.69,1.89,1.89,15515400,348
2022-05-05,1.81,1.84,1.69,1.7,1.7,15689800,349
2022-05-06,1.69,1.71,1.55,1.61,1.61,13919000,350
2022-05-09,1.55,1.58,1.44,1.44,1.44,15218500,351
2022-05-10,1.5,1.5,1.32,1.38,1.38,18784700,352
2022-05-11,1.37,1.39,1.22,1.25,1.25,25413500,353
2022-05-12,1.23,1.43,1.2,1.39,1.39,20762000,354
2022-05-13,1.42,1.56,1.41,1.54,1.54,22307900,355
2022-05-16,1.5,1.59,1.475,1.49,1.49,11941700,356
2022-05-17,1.52,1.61,1.51,1.6,1.6,12287000,357
2022-05-18,1.55,1.61,1.5,1.52,1.52,13810800,358
2022-05-19,1.48,1.665,1.48,1.59,1.59,15842700,359
2022-05-20,1.64,1.66,1.55,1.64,1.64,13747400,360
2022-05-23,1.64,1.64,1.53,1.62,1.62,9717200,361
2022-05-24,1.56,1.56,1.45,1.47,1.47,6922000,362
2022-05-25,1.49,1.62,1.45,1.61,1.61,8991100,363
2022-05-26,1.62,1.76,1.58,1.63,1.63,15958400,364
2022-05-27,1.64,1.8,1.64,1.8,1.8,13868300,365
2022-05-31,1.74,1.81,1.69,1.76,1.76,15820800,366
2022-06-01,1.78,1.82,1.66,1.7,1.7,10190300,367
2022-06-02,1.71,1.96,1.68,1.93,1.93,15446900,368
2022-06-03,1.87,1.95,1.79,1.79,1.79,9692500,369
2022-06-06,1.87,2.07,1.855,1.99,1.99,23955600,370
2022-06-07,1.95,2.05,1.88,2,2,14983800,371
2022-06-08,1.96,2.1,1.95,2.06,2.06,11765100,372
2022-06-09,2.04,2.05,1.91,1.95,1.95,14975000,373
2022-06-10,1.9,1.92,1.79,1.8,1.8,12661400,374
2022-06-13,1.7,1.76,1.6,1.6,1.6,11461500,375
2022-06-14,1.66,1.69,1.583,1.61,1.61,10746300,376
2022-06-15,1.64,1.76,1.615,1.73,1.73,14419400,377
2022-06-16,1.65,1.73,1.62,1.69,1.69,12192600,378
2022-06-17,1.69,1.94,1.68,1.87,1.87,19209100,379
2022-06-21,1.85,2.07,1.83,1.89,1.89,17612200,380
2022-06-22,1.87,1.95,1.84,1.87,1.87,12709600,381
2022-06-23,1.9,2.01,1.88,2.01,2.01,19349400,382
2022-06-24,2.03,2.12,1.91,1.95,1.95,83704900,383
2022-06-27,1.95,2.005,1.87,1.9,1.9,11338000,384
2022-06-28,1.93,1.94,1.79,1.79,1.79,11207400,385
2022-06-29,1.81,1.83,1.64,1.65,1.65,12481800,386
2022-06-30,1.63,1.64,1.55,1.6,1.6,12772700,387
2022-07-01,1.59,1.69,1.59,1.63,1.63,8057100,388
2022-07-05,1.6,1.79,1.57,1.76,1.76,13533300,389
2022-07-06,1.74,1.81,1.6,1.63,1.63,13563000,390
2022-07-07,1.64,1.72,1.6,1.7,1.7,12860700,391
2022-07-08,1.67,1.705,1.6,1.63,1.63,9360100,392
2022-07-11,1.62,1.625,1.48,1.48,1.48,12690600,393
2022-07-12,1.48,1.54,1.42,1.49,1.49,10154500,394
2022-07-13,1.46,1.53,1.43,1.51,1.51,7778700,395
2022-07-14,1.48,1.52,1.45,1.48,1.48,6480700,396
2022-07-15,1.51,1.54,1.44,1.49,1.49,8081300,397
2022-07-18,1.51,1.64,1.5,1.53,1.53,11332400,398
2022-07-19,1.54,1.62,1.53,1.59,1.59,7343600,399
2022-07-20,1.61,1.73,1.6,1.69,1.69,11209400,400
2022-07-21,1.67,1.72,1.64,1.71,1.71,7466800,401
2022-07-22,1.69,1.72,1.53,1.57,1.57,7741100,402
2022-07-25,1.55,1.56,1.5,1.51,1.51,5681100,403
2022-07-26,1.5,1.51,1.38,1.38,1.38,8909900,404
2022-07-27,1.43,1.435,1.37,1.42,1.42,8655000,405
2022-07-28,1.4,1.47,1.35,1.42,1.42,8936100,406
2022-07-29,1.41,1.5,1.37,1.5,1.5,13660000,407
2022-08-01,1.485,1.55,1.44,1.54,1.54,10989300,408
2022-08-02,1.5,1.65,1.5,1.6,1.6,9257100,409
2022-08-03,1.62,1.74,1.61,1.72,1.72,12374000,410
2022-08-04,1.71,1.79,1.69,1.74,1.74,10108900,411
2022-08-05,1.67,1.84,1.63,1.79,1.79,9230700,412
2022-08-08,1.81,1.92,1.76,1.85,1.85,17027000,413
2022-08-09,1.79,1.815,1.65,1.68,1.68,11231100,414
2022-08-10,1.72,1.76,1.66,1.7,1.7,9929200,415
2022-08-11,1.76,1.87,1.64,1.66,1.66,17635900,416
2022-08-12,1.69,1.72,1.62,1.69,1.69,10957400,417
2022-08-15,1.67,1.73,1.65,1.66,1.66,11192100,418
2022-08-16,1.645,1.785,1.56,1.77,1.77,25451100,419
2022-08-17,1.73,1.74,1.58,1.59,1.59,16231400,420
2022-08-18,1.58,1.605,1.51,1.54,1.54,8789900,421
2022-08-19,1.51,1.52,1.44,1.45,1.45,11469400,422
2022-08-22,1.43,1.43,1.36,1.36,1.36,8638000,423
2022-08-23,1.38,1.41,1.33,1.33,1.33,6891800,424
2022-08-24,1.35,1.4,1.33,1.35,1.35,9449900,425
2022-08-25,1.37,1.39,1.32,1.34,1.34,9732200,426
2022-08-26,1.33,1.37,1.26,1.27,1.27,10432500,427
2022-08-29,1.26,1.319,1.25,1.26,1.26,6999400,428
2022-08-30,1.29,1.31,1.23,1.27,1.27,7700300,429
2022-08-31,1.25,1.3,1.24,1.3,1.3,9950100,430
2022-09-01,1.27,1.27,1.2,1.25,1.25,8986100,431
2022-09-02,1.27,1.28,1.21,1.21,1.21,7275500,432
2022-09-06,1.21,1.26,1.2,1.23,1.23,6098800,433
2022-09-07,1.22,1.25,1.2,1.23,1.23,8400300,434
2022-09-08,1.22,1.24,1.2,1.22,1.22,10185900,435
2022-09-09,1.22,1.32,1.2,1.29,1.29,16759900,436
2022-09-12,1.3,1.33,1.26,1.28,1.28,8879800,437
2022-09-13,1.21,1.225,1.16,1.16,1.16,13590500,438
2022-09-14,1.17,1.18,1.09,1.1,1.1,15681900,439
2022-09-15,1.1,1.14,1.07,1.08,1.08,12270700,440
2022-09-16,1.06,1.06,0.98,0.99,0.99,29479700,441
2022-09-19,0.99,1,0.921,0.929,0.929,44995400,442
2022-09-20,0.918,1.01,0.91,0.961,0.961,43821900,443
2022-09-21,0.999,1,0.93,0.934,0.934,21275000,444
2022-09-22,0.93,0.959,0.883,0.891,0.891,22097400,445
2022-09-23,0.88,0.903,0.823,0.829,0.829,17121300,446
2022-09-26,0.826,0.945,0.818,0.875,0.875,19938700,447
2022-09-27,0.899,0.915,0.844,0.862,0.862,12547700,448
2022-09-28,0.87,0.979,0.85,0.95,0.95,27030400,449
2022-09-29,0.91,0.93,0.81,0.812,0.812,34335500,450
2022-09-30,0.802,0.839,0.717,0.734,0.734,40668700,451
2022-10-03,0.74,0.82,0.697,0.817,0.817,44484400,452
2022-10-04,0.841,0.89,0.822,0.869,0.869,23456600,453
2022-10-05,0.851,0.88,0.81,0.86,0.86,12912100,454
2022-10-06,0.86,0.9,0.832,0.848,0.848,12929400,455
2022-10-07,0.822,0.829,0.741,0.755,0.755,19145900,456
2022-10-10,0.77,0.79,0.72,0.771,0.771,12585500,457
2022-10-11,0.77,0.81,0.723,0.779,0.779,18625200,458
2022-10-12,0.785,0.8,0.75,0.791,0.791,18252900,459
2022-10-13,0.751,0.77,0.71,0.726,0.726,34870100,460
2022-10-14,0.73,0.75,0.683,0.69,0.69,20746900,461
2022-10-17,0.71,0.763,0.7,0.759,0.759,27161400,462
2022-10-18,0.778,0.8,0.723,0.759,0.759,16176000,463
2022-10-19,0.759,0.781,0.735,0.753,0.753,11370300,464
2022-10-20,0.753,0.796,0.721,0.726,0.726,15857300,465
2022-10-21,0.729,0.77,0.71,0.766,0.766,13631000,466
2022-10-24,0.75,0.759,0.69,0.738,0.738,14857300,467
2022-10-25,0.729,0.82,0.729,0.767,0.767,23041500,468
2022-10-26,0.788,0.82,0.754,0.77,0.77,13052100,469
2022-10-27,0.781,0.784,0.735,0.741,0.741,16589000,470
2022-10-28,0.741,0.77,0.714,0.722,0.722,24294900,471
2022-10-31,0.72,0.798,0.715,0.783,0.783,19270300,472
2022-11-01,0.8,0.839,0.758,0.763,0.763,15232800,473
2022-11-02,0.758,0.775,0.702,0.702,0.702,18422600,474
2022-11-03,0.702,0.738,0.69,0.694,0.694,15770300,475
2022-11-04,0.704,0.72,0.666,0.687,0.687,18872500,476
2022-11-07,0.7,0.709,0.656,0.663,0.663,14430800,477
2022-11-08,0.66,0.691,0.64,0.683,0.683,13474900,478
2022-11-09,0.67,0.68,0.626,0.629,0.629,12947800,479
2022-11-10,0.69,0.775,0.64,0.725,0.725,33599500,480
2022-11-11,0.73,0.857,0.71,0.827,0.827,26607800,481
2022-11-14,0.822,0.822,0.77,0.772,0.772,16889500,482
2022-11-15,0.824,0.86,0.794,0.802,0.802,21636200,483
2022-11-16,0.77,0.82,0.74,0.746,0.746,16088800,484
2022-11-17,0.71,0.749,0.7,0.722,0.722,20212000,485
2022-11-18,0.741,0.749,0.67,0.672,0.672,25996300,486
2022-11-21,0.663,0.697,0.656,0.691,0.691,19080000,487
2022-11-22,0.68,0.696,0.665,0.68,0.68,19023700,488
2022-11-23,0.695,0.73,0.67,0.697,0.697,18465000,489
2022-11-25,0.688,0.719,0.679,0.68,0.68,7221700,490
2022-11-28,0.684,0.69,0.643,0.647,0.647,14633300,491
2022-11-29,0.657,0.695,0.651,0.658,0.658,19790600,492
2022-11-30,0.664,0.745,0.654,0.734,0.734,25261600,493
2022-12-01,0.715,0.747,0.705,0.711,0.711,24546200,494
2022-12-02,0.684,0.768,0.68,0.756,0.756,27940200,495
2022-12-05,0.769,0.78,0.705,0.708,0.708,23033700,496
2022-12-06,0.72,0.728,0.63,0.636,0.636,26625400,497
2022-12-07,0.644,0.647,0.603,0.617,0.617,22304100,498
2022-12-08,0.623,0.674,0.607,0.64,0.64,14320900,499
2022-12-09,0.637,0.655,0.613,0.616,0.616,14257500,500
2022-12-12,0.624,0.64,0.607,0.629,0.629,15024200,501
2022-12-13,0.665,0.688,0.621,0.631,0.631,16801400,502
2022-12-14,0.626,0.651,0.611,0.638,0.638,17371900,503
2022-12-15,0.615,0.63,0.593,0.612,0.612,16850400,504
2022-12-16,0.602,0.618,0.57,0.57,0.57,32588400,505
2022-12-19,0.6,0.602,0.509,0.522,0.522,23220600,506
2022-12-20,0.51,0.52,0.488,0.501,0.501,26628600,507
2022-12-21,0.508,0.53,0.502,0.517,0.517,29494900,508
2022-12-22,0.51,0.519,0.465,0.477,0.477,18951700,509
2022-12-23,0.471,0.485,0.452,0.476,0.476,16367000,510
2022-12-27,0.466,0.476,0.445,0.446,0.446,18551400,511
2022-12-28,0.459,0.47,0.435,0.439,0.439,15534800,512
2022-12-29,0.441,0.5,0.44,0.473,0.473,23100500,513
2022-12-30,0.461,0.5,0.45,0.488,0.488,23911000,514
2023-01-03,0.485,0.516,0.47,0.49,0.49,18998100,515
2023-01-04,0.501,0.525,0.48,0.518,0.518,19603000,516
2023-01-05,0.505,0.52,0.474,0.504,0.504,17058400,517
2023-01-06,0.504,0.52,0.462,0.514,0.514,22529300,518
2023-01-09,0.52,0.569,0.506,0.513,0.513,21548600,519
2023-01-10,0.528,0.56,0.49,0.554,0.554,22517300,520
2023-01-11,0.559,0.604,0.55,0.591,0.591,20533000,521
2023-01-12,0.609,0.64,0.58,0.638,0.638,24534500,522
2023-01-13,0.619,0.705,0.615,0.65,0.65,22419900,523
2023-01-17,0.65,0.722,0.624,0.658,0.658,22378900,524
2023-01-18,0.66,0.719,0.624,0.624,0.624,19340100,525
2023-01-19,0.61,0.63,0.58,0.598,0.598,13936700,526
2023-01-20,0.609,0.644,0.591,0.623,0.623,13206400,527
2023-01-23,0.638,0.679,0.632,0.67,0.67,16889900,528
2023-01-24,0.666,0.679,0.603,0.609,0.609,16462200,529
2023-01-25,0.609,0.61,0.57,0.605,0.605,12684500,530
2023-01-26,0.62,0.64,0.593,0.635,0.635,14973500,531
2023-01-27,0.615,0.697,0.615,0.684,0.684,22042100,532
2023-01-30,0.67,0.672,0.635,0.64,0.64,11142700,533
2023-01-31,0.643,0.699,0.64,0.688,0.688,24651600,534
2023-02-01,0.69,0.732,0.662,0.715,0.715,21709500,535
2023-02-02,0.74,0.806,0.736,0.78,0.78,30604700,536
2023-02-03,0.752,0.81,0.735,0.748,0.748,20197700,537
2023-02-06,0.75,0.762,0.712,0.736,0.736,19329400,538
2023-02-07,0.738,0.739,0.695,0.711,0.711,18626700,539
2023-02-08,0.704,0.72,0.671,0.68,0.68,20580500,540
2023-02-09,0.705,0.713,0.636,0.641,0.641,18970000,541
2023-02-10,0.635,0.645,0.611,0.64,0.64,21805200,542